Territori,Tipus de territori,Any,Naixements,Latitut,Longitut
Ciutat Vella,Districte,1997,729,41.3809,2.1734
Ciutat Vella,Districte,1998,666,41.3809,2.1734
Ciutat Vella,Districte,1999,706,41.3809,2.1734
Ciutat Vella,Districte,2000,718,41.3809,2.1734
Ciutat Vella,Districte,2001,812,41.3809,2.1734
Ciutat Vella,Districte,2002,853,41.3809,2.1734
Ciutat Vella,Districte,2003,896,41.3809,2.1734
Ciutat Vella,Districte,2004,907,41.3809,2.1734
Ciutat Vella,Districte,2005,992,41.3809,2.1734
Ciutat Vella,Districte,2006,889,41.3809,2.1734
Ciutat Vella,Districte,2007,852,41.3809,2.1734
Ciutat Vella,Districte,2008,986,41.3809,2.1734
Ciutat Vella,Districte,2009,955,41.3809,2.1734
Ciutat Vella,Districte,2010,943,41.3809,2.1734
Ciutat Vella,Districte,2011,922,41.3809,2.1734
Ciutat Vella,Districte,2012,849,41.3809,2.1734
Ciutat Vella,Districte,2013,792,41.3809,2.1734
Ciutat Vella,Districte,2014,780,41.3809,2.1734
Ciutat Vella,Districte,2015,797,41.3809,2.1734
Ciutat Vella,Districte,2016,810,41.3809,2.1734
Ciutat Vella,Districte,2017,894,41.3809,2.1734
Ciutat Vella,Districte,2018,793,41.3809,2.1734
Ciutat Vella,Districte,2019,772,41.3809,2.1734
Ciutat Vella,Districte,2020,819,41.3809,2.1734
Ciutat Vella,Districte,2021,718,41.3809,2.1734
Ciutat Vella,Districte,2022,746,41.3809,2.1734
Ciutat Vella,Districte,2023,714,41.3809,2.1734
Eixample,Districte,1997,1955,41.389,2.1615
Eixample,Districte,1998,1907,41.389,2.1615
Eixample,Districte,1999,1977,41.389,2.1615
Eixample,Districte,2000,2053,41.389,2.1615
Eixample,Districte,2001,2000,41.389,2.1615
Eixample,Districte,2002,2072,41.389,2.1615
Eixample,Districte,2003,2198,41.389,2.1615
Eixample,Districte,2004,2168,41.389,2.1615
Eixample,Districte,2005,2216,41.389,2.1615
Eixample,Districte,2006,2170,41.389,2.1615
Eixample,Districte,2007,2079,41.389,2.1615
Eixample,Districte,2008,2085,41.389,2.1615
Eixample,Districte,2009,2123,41.389,2.1615
Eixample,Districte,2010,2085,41.389,2.1615
Eixample,Districte,2011,2066,41.389,2.1615
Eixample,Districte,2012,2100,41.389,2.1615
Eixample,Districte,2013,1968,41.389,2.1615
Eixample,Districte,2014,2114,41.389,2.1615
Eixample,Districte,2015,2144,41.389,2.1615
Eixample,Districte,2016,2061,41.389,2.1615
Eixample,Districte,2017,2068,41.389,2.1615
Eixample,Districte,2018,2073,41.389,2.1615
Eixample,Districte,2019,1903,41.389,2.1615
Eixample,Districte,2020,1723,41.389,2.1615
Eixample,Districte,2021,1765,41.389,2.1615
Eixample,Districte,2022,1753,41.389,2.1615
Eixample,Districte,2023,1641,41.389,2.1615
Gràcia,Districte,1997,889,41.4064,2.1573
Gràcia,Districte,1998,875,41.4064,2.1573
Gràcia,Districte,1999,902,41.4064,2.1573
Gràcia,Districte,2000,911,41.4064,2.1573
Gràcia,Districte,2001,935,41.4064,2.1573
Gràcia,Districte,2002,1000,41.4064,2.1573
Gràcia,Districte,2003,1037,41.4064,2.1573
Gràcia,Districte,2004,1061,41.4064,2.1573
Gràcia,Districte,2005,1057,41.4064,2.1573
Gràcia,Districte,2006,1072,41.4064,2.1573
Gràcia,Districte,2007,1056,41.4064,2.1573
Gràcia,Districte,2008,1160,41.4064,2.1573
Gràcia,Districte,2009,1027,41.4064,2.1573
Gràcia,Districte,2010,1068,41.4064,2.1573
Gràcia,Districte,2011,1117,41.4064,2.1573
Gràcia,Districte,2012,1072,41.4064,2.1573
Gràcia,Districte,2013,1006,41.4064,2.1573
Gràcia,Districte,2014,1036,41.4064,2.1573
Gràcia,Districte,2015,1047,41.4064,2.1573
Gràcia,Districte,2016,1121,41.4064,2.1573
Gràcia,Districte,2017,1060,41.4064,2.1573
Gràcia,Districte,2018,1062,41.4064,2.1573
Gràcia,Districte,2019,966,41.4064,2.1573
Gràcia,Districte,2020,999,41.4064,2.1573
Gràcia,Districte,2021,924,41.4064,2.1573
Gràcia,Districte,2022,848,41.4064,2.1573
Gràcia,Districte,2023,778,41.4064,2.1573
Horta-Guinardó,Districte,1997,1314,41.4282,2.157
Horta-Guinardó,Districte,1998,1209,41.4282,2.157
Horta-Guinardó,Districte,1999,1335,41.4282,2.157
Horta-Guinardó,Districte,2000,1289,41.4282,2.157
Horta-Guinardó,Districte,2001,1340,41.4282,2.157
Horta-Guinardó,Districte,2002,1404,41.4282,2.157
Horta-Guinardó,Districte,2003,1414,41.4282,2.157
Horta-Guinardó,Districte,2004,1478,41.4282,2.157
Horta-Guinardó,Districte,2005,1530,41.4282,2.157
Horta-Guinardó,Districte,2006,1359,41.4282,2.157
Horta-Guinardó,Districte,2007,1493,41.4282,2.157
Horta-Guinardó,Districte,2008,1547,41.4282,2.157
Horta-Guinardó,Districte,2009,1464,41.4282,2.157
Horta-Guinardó,Districte,2010,1448,41.4282,2.157
Horta-Guinardó,Districte,2011,1312,41.4282,2.157
Horta-Guinardó,Districte,2012,1360,41.4282,2.157
Horta-Guinardó,Districte,2013,1346,41.4282,2.157
Horta-Guinardó,Districte,2014,1282,41.4282,2.157
Horta-Guinardó,Districte,2015,1306,41.4282,2.157
Horta-Guinardó,Districte,2016,1407,41.4282,2.157
Horta-Guinardó,Districte,2017,1329,41.4282,2.157
Horta-Guinardó,Districte,2018,1350,41.4282,2.157
Horta-Guinardó,Districte,2019,1237,41.4282,2.157
Horta-Guinardó,Districte,2020,1170,41.4282,2.157
Horta-Guinardó,Districte,2021,1254,41.4282,2.157
Horta-Guinardó,Districte,2022,1203,41.4282,2.157
Horta-Guinardó,Districte,2023,1178,41.4282,2.157
Les Corts,Districte,1997,629,41.3856,2.1239
Les Corts,Districte,1998,606,41.3856,2.1239
Les Corts,Districte,1999,587,41.3856,2.1239
Les Corts,Districte,2000,627,41.3856,2.1239
Les Corts,Districte,2001,550,41.3856,2.1239
Les Corts,Districte,2002,600,41.3856,2.1239
Les Corts,Districte,2003,614,41.3856,2.1239
Les Corts,Districte,2004,589,41.3856,2.1239
Les Corts,Districte,2005,550,41.3856,2.1239
Les Corts,Districte,2006,588,41.3856,2.1239
Les Corts,Districte,2007,573,41.3856,2.1239
Les Corts,Districte,2008,566,41.3856,2.1239
Les Corts,Districte,2009,584,41.3856,2.1239
Les Corts,Districte,2010,639,41.3856,2.1239
Les Corts,Districte,2011,638,41.3856,2.1239
Les Corts,Districte,2012,616,41.3856,2.1239
Les Corts,Districte,2013,591,41.3856,2.1239
Les Corts,Districte,2014,603,41.3856,2.1239
Les Corts,Districte,2015,661,41.3856,2.1239
Les Corts,Districte,2016,628,41.3856,2.1239
Les Corts,Districte,2017,645,41.3856,2.1239
Les Corts,Districte,2018,615,41.3856,2.1239
Les Corts,Districte,2019,562,41.3856,2.1239
Les Corts,Districte,2020,564,41.3856,2.1239
Les Corts,Districte,2021,556,41.3856,2.1239
Les Corts,Districte,2022,527,41.3856,2.1239
Les Corts,Districte,2023,516,41.3856,2.1239
Nou Barris,Districte,1997,1257,41.4416,2.1772
Nou Barris,Districte,1998,1220,41.4416,2.1772
Nou Barris,Districte,1999,1292,41.4416,2.1772
Nou Barris,Districte,2000,1278,41.4416,2.1772
Nou Barris,Districte,2001,1275,41.4416,2.1772
Nou Barris,Districte,2002,1317,41.4416,2.1772
Nou Barris,Districte,2003,1433,41.4416,2.1772
Nou Barris,Districte,2004,1419,41.4416,2.1772
Nou Barris,Districte,2005,1434,41.4416,2.1772
Nou Barris,Districte,2006,1476,41.4416,2.1772
Nou Barris,Districte,2007,1604,41.4416,2.1772
Nou Barris,Districte,2008,1666,41.4416,2.1772
Nou Barris,Districte,2009,1518,41.4416,2.1772
Nou Barris,Districte,2010,1571,41.4416,2.1772
Nou Barris,Districte,2011,1499,41.4416,2.1772
Nou Barris,Districte,2012,1500,41.4416,2.1772
Nou Barris,Districte,2013,1399,41.4416,2.1772
Nou Barris,Districte,2014,1366,41.4416,2.1772
Nou Barris,Districte,2015,1428,41.4416,2.1772
Nou Barris,Districte,2016,1389,41.4416,2.1772
Nou Barris,Districte,2017,1477,41.4416,2.1772
Nou Barris,Districte,2018,1306,41.4416,2.1772
Nou Barris,Districte,2019,1334,41.4416,2.1772
Nou Barris,Districte,2020,1270,41.4416,2.1772
Nou Barris,Districte,2021,1178,41.4416,2.1772
Nou Barris,Districte,2022,1170,41.4416,2.1772
Nou Barris,Districte,2023,1316,41.4416,2.1772
Sant Andreu,Districte,1997,1063,41.4352,2.1925
Sant Andreu,Districte,1998,979,41.4352,2.1925
Sant Andreu,Districte,1999,1063,41.4352,2.1925
Sant Andreu,Districte,2000,1087,41.4352,2.1925
Sant Andreu,Districte,2001,1107,41.4352,2.1925
Sant Andreu,Districte,2002,1149,41.4352,2.1925
Sant Andreu,Districte,2003,1198,41.4352,2.1925
Sant Andreu,Districte,2004,1263,41.4352,2.1925
Sant Andreu,Districte,2005,1255,41.4352,2.1925
Sant Andreu,Districte,2006,1379,41.4352,2.1925
Sant Andreu,Districte,2007,1390,41.4352,2.1925
Sant Andreu,Districte,2008,1411,41.4352,2.1925
Sant Andreu,Districte,2009,1394,41.4352,2.1925
Sant Andreu,Districte,2010,1448,41.4352,2.1925
Sant Andreu,Districte,2011,1378,41.4352,2.1925
Sant Andreu,Districte,2012,1259,41.4352,2.1925
Sant Andreu,Districte,2013,1313,41.4352,2.1925
Sant Andreu,Districte,2014,1332,41.4352,2.1925
Sant Andreu,Districte,2015,1242,41.4352,2.1925
Sant Andreu,Districte,2016,1269,41.4352,2.1925
Sant Andreu,Districte,2017,1265,41.4352,2.1925
Sant Andreu,Districte,2018,1153,41.4352,2.1925
Sant Andreu,Districte,2019,1160,41.4352,2.1925
Sant Andreu,Districte,2020,1133,41.4352,2.1925
Sant Andreu,Districte,2021,1014,41.4352,2.1925
Sant Andreu,Districte,2022,1106,41.4352,2.1925
Sant Andreu,Districte,2023,1016,41.4352,2.1925
Sant Martí,Districte,1997,1766,41.4086,2.2182
Sant Martí,Districte,1998,1637,41.4086,2.2182
Sant Martí,Districte,1999,1697,41.4086,2.2182
Sant Martí,Districte,2000,1847,41.4086,2.2182
Sant Martí,Districte,2001,1805,41.4086,2.2182
Sant Martí,Districte,2002,1876,41.4086,2.2182
Sant Martí,Districte,2003,1990,41.4086,2.2182
Sant Martí,Districte,2004,2133,41.4086,2.2182
Sant Martí,Districte,2005,2210,41.4086,2.2182
Sant Martí,Districte,2006,2289,41.4086,2.2182
Sant Martí,Districte,2007,2150,41.4086,2.2182
Sant Martí,Districte,2008,2277,41.4086,2.2182
Sant Martí,Districte,2009,2136,41.4086,2.2182
Sant Martí,Districte,2010,2183,41.4086,2.2182
Sant Martí,Districte,2011,2198,41.4086,2.2182
Sant Martí,Districte,2012,2122,41.4086,2.2182
Sant Martí,Districte,2013,2098,41.4086,2.2182
Sant Martí,Districte,2014,2103,41.4086,2.2182
Sant Martí,Districte,2015,2099,41.4086,2.2182
Sant Martí,Districte,2016,2031,41.4086,2.2182
Sant Martí,Districte,2017,2043,41.4086,2.2182
Sant Martí,Districte,2018,1949,41.4086,2.2182
Sant Martí,Districte,2019,1816,41.4086,2.2182
Sant Martí,Districte,2020,1654,41.4086,2.2182
Sant Martí,Districte,2021,1675,41.4086,2.2182
Sant Martí,Districte,2022,1594,41.4086,2.2182
Sant Martí,Districte,2023,1587,41.4086,2.2182
Sants-Montjuïc,Districte,1997,1323,41.3672,2.1399
Sants-Montjuïc,Districte,1998,1278,41.3672,2.1399
Sants-Montjuïc,Districte,1999,1321,41.3672,2.1399
Sants-Montjuïc,Districte,2000,1392,41.3672,2.1399
Sants-Montjuïc,Districte,2001,1397,41.3672,2.1399
Sants-Montjuïc,Districte,2002,1319,41.3672,2.1399
Sants-Montjuïc,Districte,2003,1518,41.3672,2.1399
Sants-Montjuïc,Districte,2004,1548,41.3672,2.1399
Sants-Montjuïc,Districte,2005,1636,41.3672,2.1399
Sants-Montjuïc,Districte,2006,1538,41.3672,2.1399
Sants-Montjuïc,Districte,2007,1459,41.3672,2.1399
Sants-Montjuïc,Districte,2008,1664,41.3672,2.1399
Sants-Montjuïc,Districte,2009,1621,41.3672,2.1399
Sants-Montjuïc,Districte,2010,1609,41.3672,2.1399
Sants-Montjuïc,Districte,2011,1582,41.3672,2.1399
Sants-Montjuïc,Districte,2012,1501,41.3672,2.1399
Sants-Montjuïc,Districte,2013,1475,41.3672,2.1399
Sants-Montjuïc,Districte,2014,1519,41.3672,2.1399
Sants-Montjuïc,Districte,2015,1477,41.3672,2.1399
Sants-Montjuïc,Districte,2016,1544,41.3672,2.1399
Sants-Montjuïc,Districte,2017,1486,41.3672,2.1399
Sants-Montjuïc,Districte,2018,1458,41.3672,2.1399
Sants-Montjuïc,Districte,2019,1464,41.3672,2.1399
Sants-Montjuïc,Districte,2020,1335,41.3672,2.1399
Sants-Montjuïc,Districte,2021,1300,41.3672,2.1399
Sants-Montjuïc,Districte,2022,1253,41.3672,2.1399
Sants-Montjuïc,Districte,2023,1305,41.3672,2.1399
Sarrià-Sant Gervasi,Districte,1997,1247,41.4017,2.1318
Sarrià-Sant Gervasi,Districte,1998,1285,41.4017,2.1318
Sarrià-Sant Gervasi,Districte,1999,1327,41.4017,2.1318
Sarrià-Sant Gervasi,Districte,2000,1372,41.4017,2.1318
Sarrià-Sant Gervasi,Districte,2001,1343,41.4017,2.1318
Sarrià-Sant Gervasi,Districte,2002,1363,41.4017,2.1318
Sarrià-Sant Gervasi,Districte,2003,1510,41.4017,2.1318
Sarrià-Sant Gervasi,Districte,2004,1365,41.4017,2.1318
Sarrià-Sant Gervasi,Districte,2005,1287,41.4017,2.1318
Sarrià-Sant Gervasi,Districte,2006,1381,41.4017,2.1318
Sarrià-Sant Gervasi,Districte,2007,1334,41.4017,2.1318
Sarrià-Sant Gervasi,Districte,2008,1308,41.4017,2.1318
Sarrià-Sant Gervasi,Districte,2009,1288,41.4017,2.1318
Sarrià-Sant Gervasi,Districte,2010,1324,41.4017,2.1318
Sarrià-Sant Gervasi,Districte,2011,1310,41.4017,2.1318
Sarrià-Sant Gervasi,Districte,2012,1392,41.4017,2.1318
Sarrià-Sant Gervasi,Districte,2013,1307,41.4017,2.1318
Sarrià-Sant Gervasi,Districte,2014,1270,41.4017,2.1318
Sarrià-Sant Gervasi,Districte,2015,1314,41.4017,2.1318
Sarrià-Sant Gervasi,Districte,2016,1322,41.4017,2.1318
Sarrià-Sant Gervasi,Districte,2017,1274,41.4017,2.1318
Sarrià-Sant Gervasi,Districte,2018,1184,41.4017,2.1318
Sarrià-Sant Gervasi,Districte,2019,1201,41.4017,2.1318
Sarrià-Sant Gervasi,Districte,2020,1145,41.4017,2.1318
Sarrià-Sant Gervasi,Districte,2021,1190,41.4017,2.1318
Sarrià-Sant Gervasi,Districte,2022,1141,41.4017,2.1318
Sarrià-Sant Gervasi,Districte,2023,1062,41.4017,2.1318