Territorio,Tipo de territorio,1997,1998,1999,2000,2001,2002,2003,2004,2005,2006,2007,2008,2009,2010,2011,2012,2013,2014,2015,2016,2017,2018,2019,2020,2021,2022,2023,2024
Barcelona,Municipi,1493663,1507026,1503840,1497436,1507121,1555426,1581813,1588617,1599337,1610057,1594433,1615178,1631853,1619613,1614589,1619830,1612835,1602450,1604700,1610427,1625137,1628936,1650358,1666530,1660314,1639981,1660435,1702814
Ciutat Vella,Districte,82270,84306,84540,84524,89003,98536,106627,109886,113097,114358,111792,111791,110016,104664,103569,104357,103311,100700,100169,100373,102165,102047,105733,108248,109672,106028,106446,111155
el Raval,Barri,34099,35145,35356,35333,37584,41898,45627,46257,47329,47699,46061,47488,47963,47356,47725,48991,48771,47490,47150,47196,47901,47514,48210,48180,48688,46520,45671,46934
el Barri Gòtic,Barri,13565,14127,14480,14807,16301,19835,22680,25089,27129,27556,27663,25505,22793,18520,17678,16881,16276,15735,15514,15729,16240,17035,19180,21715,22850,22748,24460,27222
la Barceloneta,Barri,14764,14910,14937,14911,15110,15507,15983,15958,15796,15863,15646,16154,16231,16090,15749,15712,15493,15107,15037,15068,15101,14893,15173,15112,15125,14342,14274,14526
Sant Pere, Santa Caterina i la Ribera,Barri,19842,20124,19767,19473,20008,21296,22337,22582,22843,23240,22422,22644,23029,22698,22417,22773,22771,22368,22468,22380,22923,22605,23170,23241,23009,22418,22041,22473
Eixample,Districte,246061,247870,247740,246884,248625,258075,261908,262099,263691,266182,262198,265634,268429,265714,264296,265593,264967,263564,263557,264568,267270,266839,269173,270772,269349,266857,268824,274636
el Fort Pienc,Barri,28139,28272,28366,28353,28710,29749,30407,30537,30929,31505,31121,32159,33079,32648,32387,32286,31755,31489,31548,31693,32137,32170,32738,33473,33445,33445,34403,36119
la Sagrada Família,Barri,48481,48914,49021,48923,49563,51539,52013,52029,52146,52541,51801,52571,52969,52164,51976,52092,51821,51283,51094,51354,51658,51661,51917,52252,52164,51402,51712,52825
la Dreta de l Eixample,Barri,39117,39519,39514,39574,39823,41359,42271,42147,42439,42888,42277,42735,43410,43063,42856,43285,43399,43343,43558,43692,44224,43853,44189,44298,44088,44156,44105,44887
l Antiga Esquerra de l Eixample,Barri,39174,39585,39416,38964,39129,40760,41163,41185,41468,41752,41213,41581,41926,41697,41416,41722,41838,41728,41662,41895,42444,42534,43039,43143,43046,42365,42751,43808
la Nova Esquerra de l Eixample,Barri,55142,55283,55206,55100,55424,57422,58191,58244,58627,59221,57998,58345,58532,58013,57676,57876,57890,57625,57664,57699,58337,58265,58668,58648,57906,57314,57584,58299
Sant Antoni,Barri,36008,36297,36217,35970,35976,37246,37863,37957,38082,38275,37788,38243,38513,38129,37985,38332,38264,38096,38031,38235,38470,38356,38622,38958,38700,38175,38269,38698
Sants-Montjuïc,Districte,165616,167302,167019,166107,167407,172433,175896,177039,178248,180670,178400,181273,183517,182977,182733,183970,182741,180833,180813,181187,182381,182210,185481,187615,187026,183770,185963,191391
el Poble-sec,Barri,33779,34220,34275,33997,34517,36577,38204,38793,39394,40319,39453,40334,40678,40386,40539,41255,41002,40287,40222,40129,40385,39801,40440,40188,40204,39143,38778,39177
la Marina del Prat Vermell,Barri,1809,1763,1852,1805,1764,1672,1544,1456,1307,1248,1205,1190,1155,1135,1119,1150,1172,1143,1122,1146,1151,1161,1199,1227,1356,1517,1678,1977
la Marina de Port,Barri,27085,27415,27330,27385,27627,28103,28536,28813,29224,29585,29430,29714,30137,30108,30238,30445,30276,30051,30237,30397,30622,30751,31087,31352,31092,30428,30437,30960
la Font de la Guatlla,Barri,9039,9278,9380,9352,9404,9731,9873,9929,10114,10157,10131,10075,10219,10281,10215,10275,10312,10310,10371,10316,10422,10307,10373,10377,10239,10359,10499,10699
Hostafrancs,Barri,14654,14805,14662,14537,14465,14749,15212,15448,15474,15843,15612,15940,16013,15961,15858,16042,15982,15671,15758,15915,15949,15969,16155,16203,16102,15859,15969,16192
la Bordeta,Barri,17290,17570,17594,17677,17997,18429,18548,18757,18666,18709,18649,18721,18839,18645,18492,18604,18581,18397,18384,18518,18561,18833,19443,19567,19451,19227,19728,20392
Sants - Badal,Barri,23654,23800,23738,23444,23474,24103,24351,24313,24264,24545,24121,24270,24269,24350,24340,24590,24355,24125,24016,23935,24047,24018,24474,24938,24903,24208,24366,24931
Sants,Barri,38306,38451,38188,37910,38159,39069,39628,39530,39805,40264,39799,41029,42207,42111,41932,41609,41061,40849,40703,40831,41244,41370,42310,43763,43679,43029,44508,47063
Les Corts,Districte,81242,82363,82286,82443,82269,83024,83445,82995,82748,82672,81379,82245,83183,82750,82337,82357,81711,81196,81529,81708,82201,82182,82591,82635,81576,81074,82154,83551
les Corts,Barri,45882,46595,46611,46568,46468,46739,46804,46483,46414,46698,45965,46928,47618,47319,47098,46819,46221,45989,46003,45976,46104,46152,46599,46731,45943,45660,45965,46740
la Maternitat i Sant Ramon,Barri,24455,24582,24511,24586,24523,24681,24938,24796,24568,24278,23912,23785,23934,23762,23607,23786,23674,23554,23810,23868,23980,23984,23992,23968,23825,23684,24059,24313
Pedralbes,Barri,10905,11186,11164,11289,11278,11604,11703,11716,11766,11696,11502,11532,11631,11669,11632,11752,11816,11653,11716,11864,12117,12046,12000,11936,11808,11730,12130,12498
Sarrià-Sant Gervasi,Districte,128522,130770,131564,132241,133075,137758,139405,139749,140977,141574,140882,142461,144431,144485,144355,145269,145515,145773,146848,148172,149734,149837,150446,151157,149201,148201,149804,151890
Vallvidrera, el Tibidabo i les Planes,Barri,3033,3171,3117,3199,3244,3426,3563,3671,3739,3878,3940,4082,4287,4265,4288,4407,4443,4516,4604,4641,4689,4710,4727,4710,4760,4805,4831,4901
Sarrià,Barri,20559,21114,21416,21556,21630,22406,22851,23062,23379,23330,23117,23371,23615,23763,23920,24280,24510,24531,24640,24810,25106,25116,25137,25242,24769,24632,24858,25113
les Tres Torres,Barri,13206,13505,13712,13785,14109,14892,15177,15201,15343,15301,15272,15351,15546,15731,15748,15922,16036,16165,16501,16486,16699,16713,16695,16644,16356,16108,16276,16393
Sant Gervasi - la Bonanova,Barri,21737,22142,22274,22496,22629,23261,23475,23540,23730,23694,23607,24399,25282,25704,25639,25426,25130,25273,25368,25761,25909,25889,26108,26245,25984,25692,26135,26750
Sant Gervasi - Galvany,Barri,43593,43918,44085,44205,44420,45790,46013,45819,46144,46492,46284,46501,46830,46291,46128,46365,46548,46461,46711,47156,47816,47819,47993,47976,47346,47181,47674,48398
el Putxet i el Farró,Barri,26394,26920,26960,27000,27043,27983,28326,28456,28642,28879,28662,28757,28871,28731,28632,28869,28848,28827,29024,29318,29515,29590,29786,30340,29986,29783,30030,30335
Gràcia,Districte,114411,115254,115005,114090,114151,117910,119190,119839,120356,121398,120021,121946,123804,122978,121483,121831,120997,120283,120445,121088,121772,121789,123060,123852,123276,121915,122928,125787
Vallcarca i els Penitents,Barri,14288,14366,14241,14155,14385,15068,15173,15381,15493,15669,15422,15469,15697,15481,15446,15518,15495,15442,15520,15629,15821,15985,16109,16348,16325,16082,16330,16678
el Coll,Barri,6658,6673,6691,6670,6681,6854,7019,7142,7138,7203,7102,7304,7294,7227,7288,7291,7227,7201,7351,7391,7428,7460,7518,7617,7688,7611,7740,7943
la Salut,Barri,12858,12956,13092,13023,12978,13134,13185,13182,13199,13159,13001,13182,13246,13326,13147,13186,13199,13159,13220,13123,13207,13260,13431,13478,13455,13337,13491,13679
la Vila de Gràcia,Barri,46951,47234,46991,46531,46410,48352,48990,49256,49783,50227,49958,51295,52633,52314,51190,51104,50636,50440,50441,50670,50885,50421,50803,50926,50456,49852,50048,51075
el Camp d en Grassot i Gràcia Nova,Barri,33656,34025,33990,33711,33697,34502,34823,34878,34743,35140,34538,34696,34934,34630,34412,34732,34440,34041,33913,34275,34431,34663,35199,35483,35352,35033,35319,36412
Horta-Guinardó,Districte,168276,168814,167628,166086,166075,169373,170146,169601,169502,169360,167741,169680,171359,170757,169764,168984,167800,166924,166530,167390,168981,170053,172266,174598,173944,172109,175550,180138
el Baix Guinardó,Barri,25027,25105,24978,24761,24847,25455,25512,25480,25482,25857,25741,25997,26110,26019,26002,25906,25647,25536,25474,25563,25734,25793,25990,26180,25842,25591,25719,26280
Can Baró,Barri,8868,9069,8953,8858,8848,9046,9072,8963,8980,8945,8931,9076,9161,9124,8925,9002,8973,8860,8824,8969,9020,9071,9247,9331,9320,9271,9421,9525
el Guinardó,Barri,34553,34585,34442,34049,34282,35029,35306,35206,35344,35370,35044,35169,35620,35669,35692,35656,35712,35539,35784,36176,36538,36890,37216,37584,37325,36994,37575,38153
la Font d en Fargues,Barri,9810,9860,9844,9785,9748,9777,9763,9715,9710,9570,9599,9664,9667,9581,9521,9560,9499,9437,9399,9402,9390,9446,9506,9544,9505,9527,9709,9837
el Carmel,Barri,33821,33860,33371,32803,32541,33097,33101,32908,32679,32610,32278,32264,32615,32337,32084,31986,31797,31655,31449,31377,31583,31832,32175,32512,32724,32119,32512,33037
la Teixonera,Barri,11336,11379,11377,11367,11480,11833,11955,12028,12084,11926,11748,11938,11905,11827,11788,11770,11659,11435,11360,11281,11634,11650,11789,11927,12044,11918,12087,12433
Sant Genís dels Agudells,Barri,7206,7187,7121,7068,6994,7187,7215,7136,7132,7136,7030,7092,7174,7121,6984,6948,6903,6854,6721,6695,6828,7011,7246,7390,7385,7262,7385,7766
Montbau,Barri,5281,5274,5173,5100,5095,5255,5343,5309,5284,5270,5111,5182,5224,5250,5213,5136,5110,5045,5041,5053,5108,5099,5126,5172,5114,5014,5174,5286
la Vall d Hebron,Barri,5446,5505,5520,5543,5508,5611,5685,5710,5690,5664,5439,5559,5546,5605,5564,5567,5490,5490,5467,5687,5792,5737,5803,5886,5932,5869,5874,5889
la Clota,Barri,447,461,467,459,454,453,463,462,476,486,457,455,464,453,464,452,439,521,542,590,611,657,686,709,698,669,699,841
Horta,Barri,26481,26529,26382,26293,26278,26630,26731,26684,26641,26526,26363,27284,27873,27771,27527,27001,26571,26552,26469,26597,26743,26867,27482,28363,28055,27875,29395,31091
Nou Barris,Districte,168997,169080,167047,165095,164316,166261,166587,166588,166009,166237,165588,168046,169816,168080,167621,167334,165809,164514,164637,164971,166805,168327,171290,174012,173552,170736,174215,179590
Vilapicina i la Torre Llobeta,Barri,24865,24930,24961,24834,24996,25675,25867,25758,25715,25724,25559,25756,25924,25635,25420,25519,25548,25332,25444,25522,25618,25675,25895,26083,25875,25667,25919,26293
Porta,Barri,24160,24141,24008,23772,23798,24073,23802,23555,23308,23315,23508,24390,25334,25169,25088,24815,24354,24336,24299,24567,25046,25568,26557,27813,27796,27397,28978,31329
el Turó de la Peira,Barri,14838,14740,14583,14470,14488,14667,14797,15023,15213,15167,15047,15186,15341,15339,15425,15569,15432,15350,15328,15334,15466,15575,15783,16229,16186,16025,16295,16820
Can Peguera,Barri,2274,2331,2286,2244,2185,2150,2125,2105,2120,2128,2138,2145,2161,2215,2240,2238,2229,2261,2275,2255,2273,2270,2289,2274,2215,2187,2170,2180
la Guineueta,Barri,17155,17030,16796,16497,16266,16052,15970,16079,15863,15695,15526,15428,15362,15299,15263,15182,15126,15057,15097,15050,15247,15293,15398,15420,15267,15056,15265,15373
Canyelles,Barri,8744,8687,8503,8385,8159,8185,8052,7874,7722,7594,7511,7471,7440,7305,7239,7193,7108,6980,6952,6925,6863,6885,6884,6869,6813,6787,6786,6797
les Roquetes,Barri,15636,15676,15382,15144,15067,15475,15596,15809,15709,15831,15657,15942,16182,15992,15987,16028,15774,15565,15400,15410,15631,15764,16229,16394,16563,16156,16523,16941
Verdun,Barri,12919,12836,12649,12419,12288,12434,12391,12319,12188,12171,12100,12407,12397,12315,12304,12449,12337,12120,12226,12261,12368,12445,12578,12798,12865,12558,12774,13194
la Prosperitat,Barri,27899,27899,27276,26870,26775,27168,27192,26902,26727,26770,26492,26634,26819,26574,26555,26463,26308,26084,25974,26184,26415,26572,26855,27026,26868,26346,26664,27291
la Trinitat Nova,Barri,7594,7785,7663,7680,7654,7761,7795,7904,7970,7958,8039,8080,8133,7877,7699,7624,7555,7390,7335,7259,7271,7365,7620,7669,7628,7421,7624,7726
Torre Baró,Barri,2368,2396,2326,2252,2189,2177,2213,2211,2214,2159,2104,2151,2165,2164,2172,2169,2196,2555,2734,2795,2859,2893,2931,2925,2923,2908,2939,3119
Ciutat Meridiana,Barri,9824,9838,9803,9712,9624,9613,9890,10116,10283,10498,10652,11139,11231,10860,10886,10745,10494,10174,10239,10055,10369,10622,10864,11091,11152,10808,10857,11090
Vallbona,Barri,721,791,811,816,827,831,897,933,977,1227,1255,1317,1327,1336,1343,1340,1348,1310,1334,1354,1379,1400,1407,1421,1401,1420,1421,1437
Sant Andreu,Districte,134556,135431,135237,134814,135558,138869,140889,141974,143217,144157,143429,145713,147404,146988,147353,147397,146949,145998,146512,146800,147789,148653,150353,152063,151537,149826,151799,155470
la Trinitat Vella,Barri,7803,7902,7979,8024,8123,8493,8892,9015,9297,9770,9812,10274,10447,10275,10403,10397,10434,10247,10068,10048,10006,10071,10337,10487,10513,10358,10286,10661
Baró de Viver,Barri,2296,2355,2355,2368,2373,2393,2382,2365,2382,2421,2417,2458,2452,2392,2411,2411,2416,2479,2482,2511,2539,2535,2604,2625,2653,2603,2582,2612
el Bon Pastor,Barri,10060,10130,10025,9847,9893,10032,10595,11389,11732,12041,12172,13089,13829,13809,13621,13198,12813,12676,12560,12594,12582,12740,13126,13652,13730,13553,14434,15798
Sant Andreu (Barrio),Barri,51695,52069,52049,52014,52319,53811,54421,54917,55414,55524,55451,55589,55892,55838,56075,56282,56500,56263,56491,56695,57223,57662,57961,58508,58225,57605,57902,58651
la Sagrera,Barri,28005,27985,27850,27793,27948,28479,28840,28796,28832,28829,28347,28707,28943,28882,29120,29100,28924,28671,28899,28804,29127,29290,29489,29608,29568,29441,29908,30392
el Congrés i els Indians,Barri,13718,13744,13572,13482,13381,13514,13670,13707,13833,13905,13850,13995,14061,13953,13998,14108,14028,13923,14046,14051,14141,14196,14557,14726,14549,14319,14623,14945
Navas,Barri,20979,21246,21407,21286,21521,22147,22089,21785,21727,21667,21380,21601,21780,21839,21725,21901,21834,21739,21966,22097,22171,22159,22279,22457,22299,21947,22064,22411
Sant Martí,Districte,203712,205836,205774,205152,206642,213187,217720,218847,221492,223449,223003,226389,229894,230220,231078,232738,233035,232665,233660,234170,236039,236999,239965,241578,241181,239465,242752,249206
el Camp de l Arpa del Clot,Barri,36534,36884,36804,36381,36593,38125,38542,38272,38486,38898,38586,38786,38839,38350,37951,38168,37977,37796,38168,38130,38247,38327,38912,39136,38838,38207,38343,39060
el Clot,Barri,22972,23270,23662,24199,24867,26150,26627,26599,26841,26869,26748,27076,27544,27497,27362,27315,27179,27035,26932,26928,27089,27050,27183,27082,26759,26380,26470,26767
el Parc i la Llacuna del Poblenou,Barri,12334,12394,12396,12420,12462,12771,13159,13219,13194,13341,13190,13123,13400,13471,13733,14038,14356,14617,14713,14859,15202,15425,15713,15943,15914,15961,16413,17039
la Vila Olímpica del Poblenou,Barri,6002,6422,6721,7051,7289,7657,7842,8022,8492,8657,8701,8961,9117,9248,9240,9236,9320,9367,9331,9346,9404,9312,9348,9385,9395,9376,9338,9366
el Poblenou,Barri,23833,24137,24234,24197,24652,25988,27444,28092,29025,29580,29852,30555,31127,31384,32065,32513,32881,33019,33437,33623,33933,33986,34170,34436,34411,34103,34151,34563
Diagonal Mar i el Front Marítim del Poblenou,Barri,4149,4163,4117,4267,4963,6185,7243,8131,8865,9284,9639,9964,10691,11264,12003,12515,12928,13168,13374,13416,13670,13644,13625,13526,13536,13391,13453,13494
el Besòs i el Maresme,Barri,21540,21618,21447,21207,21036,21264,21623,21805,22067,22403,22033,23319,24018,23798,23976,23720,23143,22840,22844,22783,23063,23721,24847,25705,26116,26349,27892,30485
Provençals del Poblenou,Barri,16868,17207,17117,17106,17130,17466,17685,17700,17983,18190,18613,18859,19304,19594,19551,19877,20068,20098,20163,20381,20519,20628,21116,21319,21185,21092,21273,21512
Sant Martí de Provençals,Barri,27358,27643,27576,27183,26974,26970,26930,26769,26584,26436,26121,26174,26287,26154,26154,26126,26001,25917,25971,26031,26187,26092,26168,26168,26229,25852,26169,26575
la Verneda i la Pau,Barri,32122,32098,31700,31141,30676,30611,30625,30238,29955,29791,29520,29572,29567,29460,29043,29230,29182,28808,28727,28673,28725,28814,28883,28878,28798,28754,29250,30345